{
    "work_detail":[
        {
            "work_idx": "01",
            "img_src": "asset/img/work_photo1.jpg",
            "title": "SINILPOLYTEC&nbsp;&nbsp;",
            "work_name": "신일폴리텍 기업형 사이트",
            "work_time": "2주",
            "work_page": "메인",
            "work_concept": "깔끔함, 간결함",
            "work_color": "#044ea7,#dddddd",
            "work_font": "나눔스퀘어, 나눔고딕, Noto Sans KR",
            "overview": "기존 보완할 점이 많은 신일폴리텍 기업 사이트를 리뉴얼하여 처음으로 만든 페이지입니다. 기능을 최대한 줄여 깔끔하게 작업하도록 했습니다.",
            "work_url":"http://wjddkchlrh.dothome.co.kr"
        },
        {
            "work_idx": "02",
            "img_src": "asset/img/work_photo2.jpg",
            "title": "BONGJUNHO&nbsp;&nbsp;",
            "work_name": "봉준호 소개사이트",
            "work_time": "2주",
            "work_page": "메인 / PROFILE / ALBUM / MOVIE / NEWS",
            "work_concept": "심플함, 독특한 레이아웃",
            "work_color": "#aac9c3,#f0f0f0",
            "work_font": "Archivom, 나눔고딕",
            "overview": "우리나라 영화계의 거장 봉준호 소개사이트입니다. 봉준호감독의 프로필, 앨범, 뉴스, 참여한 영화 등 봉준호감독의 모든 것을 담도록 했습니다.",
            "work_url":"http://dlqhwjddk.dothome.co.kr/"
        },
        {
            "work_idx": "00",
            "img_src": "",
            "title": "WORKING..&nbsp;&nbsp;",
            "work_name": "작업중입니다.",
            "work_time": "",
            "work_page": "",
            "work_concept": "",
            "work_color": "",
            "work_font": "",
            "overview": "",
            "work_url":""
        }
    ]
}